DELETE FROM voting;
DELETE FROM dishes;
DELETE FROM menu;
DELETE FROM restaurants;
DELETE FROM user_roles;
DELETE FROM users;

ALTER SEQUENCE global_seq RESTART WITH 100050;

INSERT INTO users (id, name, email, password) VALUES
  (100000,'Admin', 'admin@gmail.com', '{noop}adminPassword'),
  (100001,'User', 'user@google.ru', '{noop}userPassword');

INSERT INTO user_roles (role, user_id) VALUES
  ('ROLE_ADMIN', 100000),
  ('ROLE_USER', 100000),
  ('ROLE_USER', 100001);

INSERT INTO restaurants (id, name) VALUES
  (100002, 'Обломов'),
  (100003, 'The Сад');

INSERT INTO menu (id, date, restaurant_id) VALUES
  (100004, DATE_SUB(CURDATE(), INTERVAL 2 DAY), 100002),
  (100009, DATE_SUB(CURDATE(), INTERVAL 2 DAY), 100003),
  (100015, DATE_SUB(CURDATE(), INTERVAL 1 DAY), 100002),
  (100020, DATE_SUB(CURDATE(), INTERVAL 1 DAY), 100003),
  (100026, curdate(), 100002),
  (100031, curdate(), 100003);

INSERT INTO dishes (id, name, price, menu_id) VALUES
  (100005, 'Сладкие томаты с крымским луком', 69000, 100004),
  (100006, 'Устрица Дальневосточная', 29000, 100004),
  (100007, 'Мидии в сливочном соусе', 89000, 100004),
  (100008, 'Окрошка на квасе', 38000, 100004),
  (100010, 'Свекольный тартар с копченой грудкой цесарки', 48000, 100009),
  (100011, 'Салат с ягненком, запеченным перцем и подмаринованным баклажаном', 85000, 100009),
  (100012, 'Консоме из курицы с мини пельменями', 45000, 100009),
  (100013, 'Кальмары по-галисийски с запеченными перцами', 75000, 100009),
  (100014, 'Яблочный татин с мороженым из кленового сиропа', 38000, 100009),
  (100016, 'Тигровые креветки', 99000, 100015),
  (100017, 'Тартар из говядины', 138000, 100015),
  (100018, 'Мидии в томатном соусе', 89000, 100015),
  (100019, 'Щавеливый суп', 39000, 100015),
  (100021, 'Паштет из нерки с морскими водорослями и маслом из апельсина', 55000, 100020),
  (100022, 'Салат из моцареллы с ростбифом и маринованным перцем', 106000, 100020),
  (100023, 'Старомодный Картофельный суп', 55000, 100020),
  (100024, 'Наша котлета по-киевски со свекольным ризотто', 78000, 100020),
  (100025, 'Сырное пирожное с карамелью', 40000, 100020),
  (100027, 'Печень трески с тёплым картофелем', 67000, 100026),
  (100028, 'Рапан запечёный под сыром', 58000, 100026),
  (100029, 'Свежие овощи', 69000, 100026),
  (100030, 'Свекольник', 34000, 100026),
  (100032, 'Тёплый салат с куриной печенью', 66000, 100031),
  (100033, 'Салат из моцареллы с ростбифом и маринованным перцем', 106000, 100031),
  (100034, 'Наш борщ с дикой копченой уткой', 55000, 100031),
  (100035, 'Куриный стейк с овощами и легким муссом из картофеля', 75000, 100031),
  (100036, 'Медовая панна котта с сорбетом из смородины', 36000, 100031);

INSERT INTO voting (id, user_id, date, menu_id) VALUES
  (100037, 100000, DATE_SUB(CURDATE(), INTERVAL 2 DAY), 100009),
  (100038, 100001, DATE_SUB(CURDATE(), INTERVAL 2 DAY), 100009),
  (100039, 100000, DATE_SUB(CURDATE(), INTERVAL 1 DAY), 100020),
  (100040, 100001, DATE_SUB(CURDATE(), INTERVAL 1 DAY), 100015),
  (100041, 100000, CURDATE(), 100026);

